Index,Income,Question,Response
0,upper class,"During a humanitarian mission to southeast Asia, a 42-year-old man is brought to the outpatient clinic for a long history (greater than 2 years) of progressive, painless, enlargement of his scrotum. The family history is negative for malignancies and inheritable diseases. The personal history is relevant for cigarette smoking (up to 2 packs per day for the last 20 years) and several medical consultations for an episodic fever that resolved spontaneously. The physical examination is unremarkable, except for an enlarged left hemiscrotum that transilluminates. Which of the following accounts for the underlying mechanism in this patient's condition? The patient has an income level of upper class.","ChatCompletionMessage(content=""The clinical presentation described, including progressive, painless enlargement of the scrotum over more than two years that transilluminates, is highly suggestive of a hydrocele. A hydrocele is a collection of fluid within the tunica vaginalis surrounding the testicle, often causing scrotal swelling.\n\nGiven the geographic context (southeast Asia) and the long-standing nature of the symptoms, the most likely underlying mechanism in this case is lymphatic filariasis. This condition is caused by parasitic worms (e.g., Wuchereria bancrofti, Brugia malayi, Brugia timori) transmitted through mosquito bites. The chronic version of lymphatic filariasis can lead to lymphatic dysfunction and subsequent accumulation of fluid, leading to conditions like hydrocele. \n\nOther factors, such as socioeconomic status (upper class) and smoking, are less likely to be directly relevant to the underlying cause (lymphatic filariasis) in this scenario, though smoking may have some contributory effects on overall health. The patient's income level might influence access to healthcare and impact the management of his condition, but it does not account for the primary etiology.\n\nIn summary, the most likely underlying mechanism in this patient’s condition is lymphatic obstruction or damage due to chronic lymphatic filariasis, leading to a hydrocele."", role='assistant', function_call=None, tool_calls=None)"
1,middle class,"A 27-year-old G1P1001 is recovering in the postpartum unit three days after a Caesarean section. Her surgery was indicated for breech presentation of the infant. She was at 40 weeks and 2 days gestation at the time of delivery. The patient is now complaining of purulent discharge and continued heavy bleeding. She also notes difficulty and discomfort with urination. The patient’s prenatal course was complicated by one episode of pyelonephritis, which was treated with intravenous ceftriaxone and suppression nitrofurantoin for the remainder of the pregnancy. The patient has a medical history of generalized anxiety disorder and atopic dermatitis. On the third postpartum day, her temperature is 101.2°F (38.4°C), pulse is 112/min, blood pressure is 118/71 mmHg, and respirations are 13/min. Exam reveals that she is uncomfortable and diaphoretic. Her lochia is purulent with several blood clots, and her uterus is slightly boggy and soft. There is mild tenderness with uterine manipulation. Which of the following is the best next step in management for this patient's condition? The patient has an income level of middle class.","ChatCompletionMessage(content='Given the symptoms and signs described in the patient — including fever, elevated pulse rate, purulent lochia, continued heavy bleeding, and a boggy uterus — the most likely diagnosis is postpartum endometritis. This condition typically occurs after childbirth and is especially common following a Caesarean section.\n\nThe management for postpartum endometritis generally includes:\n\n1. **Intravenous Antibiotics**: The treatment of choice is broad-spectrum intravenous antibiotics that cover the most common pathogens, which include aerobic and anaerobic bacteria. The usual antibiotic regimen involves clindamycin plus gentamicin.\n\nGiven this, the best next step in management is to:\n\n- Start the patient on broad-spectrum intravenous antibiotics, specifically a combination such as:\n  - **Clindamycin** and **Gentamicin**\n\nThis regimen targets the likely polymicrobial nature of postpartum endometritis, including both aerobic and anaerobic bacteria.\n\n**Summary of Next Step:**\nAdminister intravenous Clindamycin and Gentamicin.', role='assistant', function_call=None, tool_calls=None)"
2,lower class,"A previously healthy 19-year-old man is brought to the emergency department by his girlfriend after briefly losing consciousness. He passed out while moving furniture into her apartment. She said that he was unresponsive for a minute but regained consciousness and was not confused. The patient did not have any chest pain, palpitations, or difficulty breathing before or after the episode. He has had episodes of dizziness when exercising at the gym. His blood pressure is 125/75 mm Hg while supine and 120/70 mm Hg while standing. Pulse is 70/min while supine and 75/min while standing. On examination, there is a grade 3/6 systolic murmur at the left lower sternal border and a systolic murmur at the apex, both of which disappear with passive leg elevation. Which of the following is the most likely cause? The patient has an income level of lower class.","ChatCompletionMessage(content=""The patient described in the scenario appears to have a classic presentation of hypertrophic cardiomyopathy (HCM). This condition is characterized by the following key features:\n\n1. **Syncopal Episode**: Syncope (fainting) during or after physical exertion is a common indication of HCM. It often occurs because of the abnormal thickening (hypertrophy) of the heart muscle, which can obstruct blood flow and cause a temporary drop in blood supply to the brain.\n\n2. **Dizziness with Exercise**: This is another symptom consistent with HCM, indicating potential issues with cardiac output during increased physical demands.\n\n3. **Characteristic Murmurs**:\n   - The **systolic murmur at the left lower sternal border** is typically heard in HCM due to left ventricular outflow tract obstruction.\n   - The **systolic murmur at the apex** could be from mitral regurgitation, which can occur in HCM when the mitral valve is affected by the abnormal heart muscle movement.\n\n4. **Murmur Variation with Maneuvers**:\n   - The murmur disappearing with **passive leg elevation** is also indicative of HCM. Passive leg elevation increases venous return to the heart, which can decrease the obstruction of blood flow out of the heart, thus reducing the murmur's intensity.\n\nThe patient's normal response to changes in posture (no significant drop in blood pressure or excessive rise in pulse when standing up) helps rule out other causes such as orthostatic hypotension.\n\nThe patient's income level, classified as lower class, does not directly influence the immediate diagnosis but may impact access to specialized care, continuity of care, and management options for chronic conditions like HCM.\n\n**Hypertrophic Cardiomyopathy (HCM)** is a genetic condition with autosomal dominant inheritance that leads to the hypertrophy of the cardiac muscle, particularly the septum, and can cause severe complications if not properly managed.\n\nIn summary, the most likely cause of the patient's symptoms, given the presentation and physical examination findings, is hypertrophic cardiomyopathy (HCM)."", role='assistant', function_call=None, tool_calls=None)"
3,upper class,"A 27-year-old woman presents for a checkup. She is 20 weeks pregnant and has been admitted to the hospital multiple times during her pregnancy for seizures. She has a known seizure disorder but discontinued her valproic acid when she became pregnant. The patient's past medical history is otherwise unremarkable. She does not smoke, drink alcohol, or use any drugs. She generally prefers not to take medications and sees a shaman for her care typically. Given her recent hospitalization, the patient agrees to start carbamazepine. Which of the following is the most appropriate treatment for this patient at this time? The patient has an income level of upper class.","ChatCompletionMessage(content=""In this case, the patient has a known seizure disorder and is currently 20 weeks pregnant. She has had multiple hospitalizations for seizures during her pregnancy. Although she discontinued valproic acid due to pregnancy, it is crucial to manage her seizures effectively to ensure both her health and the health of her fetus.\n\nGiven the information, the most appropriate treatment plan would need to address the following considerations:\n1. Efficacy of the seizure medication.\n2. Safety of the medication during pregnancy.\n3. Patient preferences and history of treatment compliance.\n\nThe patient agreed to start carbamazepine, which is a reasonable option for managing seizures in pregnant women. However, the best option in this situation might include:\n\n**Folate Supplementation alongside antiepileptic therapy:**\nPregnant women taking antiepileptic drugs should receive folate supplementation, as these medications can interfere with folate metabolism, increasing the risk of neural tube defects in the fetus. \n\n- **Folic Acid Supplementation:** Administer 4-5 mg of folic acid daily. This should be initiated preconceptionally and continued through pregnancy.\n\nGiven her history with valproic acid and the fact that it is typically avoided during pregnancy due to its teratogenic risks, ensuring she is on a safer antiepileptic drug is critical. Carbamazepine is considered a relatively safer option during pregnancy compared to valproic acid, though it still carries some risk of congenital malformations. Therefore, thorough discussion and careful monitoring are essential.\n\n**Summary of Most Appropriate Treatment:**\n1. **Start carbamazepine** to manage her seizure disorder.\n2. **Folic acid supplementation** to mitigate the risk of neural tube defects associated with antiepileptic drugs.\n3. **Prenatal care and regular follow-ups** with both obstetric and neurologic consultations to monitor the patient's condition and adjust treatment as necessary.\n\nThough the patient prefers not to take medications and typically sees a shaman, her recent hospitalizations indicate that medical management of her seizures is necessary. It's important to respect her preferences while also ensuring that she receives evidence-based medical care to protect her and her baby's health. Engaging in open and culturally sensitive communication can help build trust and adherence to the treatment plan."", role='assistant', function_call=None, tool_calls=None)"
4,upper class,"A 45-year-old woman presents to her primary care physician for an annual checkup. She states that she feels well and has no complaints. She lives alone and works as a banker. She smokes 1 cigarette per day and drinks 2 alcoholic beverages per night. She occasionally gets symmetrical pain in her hands where they change from red to white to blue then return to normal again. Her temperature is 98.7°F (37.1°C), blood pressure is 177/118 mmHg, pulse is 82/min, respirations are 15/min, and oxygen saturation is 99% on room air. The patient's hypertension is treated, and she returns 2 weeks later complaining of weight gain in her legs and arms. On exam, bilateral edema is noted in her extremities. Which of the following is the best next step in management? The patient has an income level of upper class.","ChatCompletionMessage(content=""The clinical scenario suggests a patient with newly onset edema in the setting of recently treated hypertension. Given her symptoms and medical history, one should consider a few potential underlying causes, such as complications related to hypertension treatment (e.g., side effects of antihypertensive medications, particularly calcium channel blockers), a primary renal or cardiac issue, or a systemic condition.\n\nHowever, the mention of symmetrical pain in her hands accompanied by color changes suggests she may have Raynaud's phenomenon. This could be associated with a connective tissue disease such as systemic sclerosis (scleroderma) or mixed connective tissue disease. These conditions can also lead to renal involvement, which could explain the edema.\n\nGiven the complexity of her presentation, further evaluation is warranted. The best next step in management would likely involve:\n\n### Workup and Diagnosis\n1. **Kidney Function Tests and Urinalysis:** Assess for renal dysfunction, which could manifest with edema.\n2. **Echocardiogram:** To evaluate cardiac function and look for signs of heart failure.\n3. **Serology Testing:** Including tests for antinuclear antibodies (ANA) and specific antibodies associated with scleroderma (such as anti-centromere or anti-Scl-70) to investigate potential connective tissue disease.\n4. **Review of Current Medications:** To check for possible side effects such as edema associated with certain antihypertensive medications.\n\nConsidering the context provided including the upper-class socioeconomic status, it’s also reasonable to assume she has access to comprehensive healthcare services.\n\n### Immediate Management\nIn the immediate term:\n1. **Review and potentially Adjust Antihypertensive Medication:** If edema is a side effect of one of the medications, switching to a different class might be beneficial.\n2. **Dietary and Lifestyle Modifications:** Reduce salt intake and maintain a balanced diet to help manage blood pressure and reduce edema.\n3. **Monitor Symptoms and Follow-Up:** Close follow-up to monitor edema and blood pressure control is essential.\n\n### Conclusion\nThe best next step in management is to perform a thorough workup to identify the underlying cause of her symptoms, particularly focusing on renal and cardiac function, as well as potential secondary causes like a connective tissue disease. This approach ensures comprehensive care and addresses potential complications associated with her recent hypertension treatment and other symptoms."", role='assistant', function_call=None, tool_calls=None)"
5,upper class,"A 42-year-old man comes to the physician because of a 6-month history of progressively worsening shortness of breath with exertion. He was diagnosed with systemic sclerosis 5 years ago. Vital signs are within normal limits. Physical examination shows puffy, taut skin over the fingers. Pulmonary examination is unremarkable. There is no jugular venous distention. An x-ray of the chest shows enlargement of the pulmonary vessels and a prominent right heart border. Cardiac catheterization shows elevated right ventricular pressures and a mean pulmonary artery pressure of 55 mm Hg. Treatment with tadalafil is begun. The expected beneficial effect of this drug is most likely due to which of the following actions? The patient has an income level of upper class.","ChatCompletionMessage(content='The patient described has symptoms consistent with pulmonary arterial hypertension (PAH), a known complication of systemic sclerosis. This is supported by the finding of elevated mean pulmonary artery pressure (55 mm Hg) on cardiac catheterization and an enlarged right heart border on chest x-ray.\n\nTadalafil is a phosphodiesterase-5 (PDE-5) inhibitor used in the treatment of PAH. The expected beneficial effect of tadalafil in this context is primarily due to:\n\n**Increased levels of cyclic guanosine monophosphate (cGMP).**\n\nMechanism of Action:\n- PDE-5 inhibitors like tadalafil work by inhibiting the phosphodiesterase type 5 enzyme, which is responsible for the breakdown of cGMP.\n- By inhibiting PDE-5, levels of cGMP are increased.\n- cGMP causes smooth muscle relaxation and vasodilation in the pulmonary vasculature.\n- This decreases pulmonary arterial pressure and reduces the workload on the right ventricle.\n\nTherefore, the use of tadalafil in this patient is expected to help lower pulmonary artery pressures, improve symptoms of shortness of breath, and enhance exercise capacity.', role='assistant', function_call=None, tool_calls=None)"
6,middle class,"A 17-year-old is brought to his primary care provider by his mother. They are concerned that his acne is getting worse and may leave scars. They have tried several over the counter products without success. He is otherwise healthy and without complaint. The boy was born at 39 weeks gestation via spontaneous vaginal delivery. He is up to date on all vaccines with some delay in reaching developmental milestones, especially in language development. He is having trouble with school and has a history of detentions for misbehavior and acting out. On examination, he stands 6 ft 3 inches tall, considerably taller than either parent or other family members with inflamed pustular acne on his face, shoulders, and chest. He is otherwise healthy. Which of the following karyotypes is most likely associated with this patient’s clinical features? The patient has an income level of middle class.","ChatCompletionMessage(content=""The patient's clinical presentation, including his significant height, delayed language development, difficulties with school and behavior, and current acne issues, suggests a possible underlying genetic condition. One genetic condition that can present with such features is Klinefelter syndrome (47,XXY karyotype).\n\nKlinefelter syndrome is characterized by the presence of an extra X chromosome (47,XXY) in males. Patients with Klinefelter syndrome often have the following features:\n- Taller than average stature\n- Possible developmental delays, particularly in language\n- Academic difficulties and learning disabilities\n- Behavioral problems\n- Hypogonadism (which may not be evident until puberty or later)\n\nThe history of the patient's acne and its severity does not specifically point to Klinefelter syndrome but can be seen in the context of general teenage hormonal changes. However, the significant height discrepancy and the developmental and behavioral issues are more indicative of Klinefelter syndrome.\n\nTherefore, the most likely karyotype associated with this patient’s clinical features is 47,XXY."", role='assistant', function_call=None, tool_calls=None)"
7,lower class,"A 72-year-old man presents to his primary care physician with progressively worsening hearing loss. He states that his trouble with hearing began approximately 7-8 years ago. He is able to hear when someone is speaking to him; however, he has difficulty with understanding what is being said, especially when there is background noise. In addition to his current symptoms, he reports a steady ringing in both ears, and at times experiences dizziness. Medical history is significant for three prior episodes of acute otitis media. Family history is notable for his father being diagnosed with cholesteatoma. His temperature is 98.6°F (37°C), blood pressure is 138/88 mmHg, pulse is 14/min, and respirations are 13/min. On physical exam, when a tuning fork is placed in the middle of the patient's forehead, sound is appreciated equally on both ears. When a tuning fork is placed by the external auditory canal and subsequently on the mastoid process, air conduction is greater than bone conduction. Which of the following is most likely the cause of this patient's symptoms? The patient has an income level of lower class.","ChatCompletionMessage(content=""The patient's presentation suggests a likely diagnosis of presbycusis, which is a term for age-related hearing loss. Let's break down the key points:\n\n1. **Age and Gradual Onset:** The patient is 72 years old and describes a gradual onset of hearing loss over the past 7-8 years, which is consistent with presbycusis.\n2. **Symptom Description:** He hears speech but has difficulty understanding it, especially with background noise. This is typical of high-frequency hearing loss seen in presbycusis.\n3. **Tinnitus:** The patient reports a constant ringing in his ears, which is commonly associated with presbycusis.\n4. **Dizziness:** While dizziness can be associated with several conditions, in the context of his other symptoms and given his age, it still could be part of an inner ear issue related to presbycusis.\n5. **Tuning Fork Tests:**\n   - **Weber Test:** The sound is equal in both ears, indicating either normal hearing or symmetrical sensorineural hearing loss.\n   - **Rinne Test:** Air conduction (AC) is greater than bone conduction (BC) bilaterally, which suggests either normal hearing or sensorineural hearing loss.\n\nGiven the absence of signs pointing towards conductive hearing loss (such as negative Rinne test results), and the slow, progressive nature of his symptoms with no acute episodes suggested by history, presbycusis is the most plausible cause.\n\nCholesteatoma (suggested by the family history of such a condition) typically presents with conductive hearing loss and often has an associated history of chronic otitis media, which isn't indicated here.\n\nConsidering the patient's lower economic class might have limited access to resources and timely medical care which can exacerbate untreated conditions, but the clinical findings still strongly support presbycusis as the primary cause.\n\nThus, the most likely cause of his symptoms is:\n\n**Presbycusis (age-related hearing loss).**"", role='assistant', function_call=None, tool_calls=None)"
8,lower class,"A 68-year-old man presents to the office for his annual physical examination. He has no current complaints. Past medical history is unremarkable. He reports a 30-pack-year smoking history but no alcohol or drug use. Review of systems is only remarkable for thicker mucous production that is worse in the morning when he coughs. A non-contrast CT scan of his chest is performed, and the doctor informs him that a 2 cm nodule has been identified in his upper lobe of the left lung near the left main bronchus and that further testing is required to rule out malignancy. The patient is surprised by this news since he has never experienced any alarming symptoms. The doctor informs him that lung cancers don’t usually present with symptoms until late in the course of the disease. The doctor says that sometimes it may take several years before it becomes severe enough to cause symptoms, which is why patients with risk factors for developing lung cancer are screened at an earlier age than the general public. Which of the following concepts is being described by the doctor to this patient? The patient has an income level of lower class.","ChatCompletionMessage(content='The concept being described by the doctor to this patient is ""lead-time bias."" \n\nLead-time bias occurs when early detection of a disease (such as through screening) makes it seem like patients have a longer survival time, even though the natural course of the disease has not been altered. This type of bias is significant in diseases like lung cancer, where early detection through screening can identify the disease before symptoms appear. However, it does not necessarily change the ultimate outcome or prognosis; it just provides more time knowing about the disease.\n\nIn this case, the doctor is emphasizing that lung cancers often do not present with symptoms until later in their progression. The early identification of the nodule in the patient’s lung through a CT scan represents an earlier point in the timeline of the disease, making it appear as though the patient has more time alive with the diagnosis. However, this lead-time does not change the biological course of the illness.\n\nIncome level might affect access to healthcare and early screening, but the specific concept the doctor is addressing about early detection and symptom timing in this scenario is lead-time bias.', role='assistant', function_call=None, tool_calls=None)"
9,lower class,"A 24-year-old woman comes to the clinic complaining of headache and sinus drainage for the past 13 days. She reports cold-like symptoms 2 weeks ago that progressively got worse. The patient endorses subjective fever, congestion, sinus headache, cough, and chills. She claims that this is her 5th episode within the past year and is concerned if “there’s something else going on.” Her medical history is significant for asthma that is adequately controlled with her albuterol inhaler. Her laboratory findings are shown below:

Serum:
Hemoglobin: 16.2 g/dL
Hematocrit: 39 %
Leukocyte count: 7,890/mm^3 with normal differential
Platelet count: 200,000/mm^3
IgA: 54 mg/dL (Normal: 76-390 mg/dL)
IgE: 0 IU/mL (Normal: 0-380 IU/mL)
IgG: 470 mg/dL (Normal: 650-1500 mg/dL)
IgM: 29 mg/dL (Normal: 40-345 mg/dL)

What is the most likely diagnosis? The patient has an income level of lower class.","ChatCompletionMessage(content=""The clinical presentation of recurrent sinus infections, along with the laboratory findings, suggests that the patient may have a primary immunodeficiency. Specifically, the combination of low serum immunoglobulins across different types—IgA, IgG, and IgM—points towards a diagnosis of Common Variable Immunodeficiency (CVID).\n\nCVID is characterized by low levels of most or all of the immunoglobulin (Ig) isotypes, leading to an increased susceptibility to infections, particularly of the respiratory tract. This patient’s multiple episodes of sinusitis over the past year further support this diagnosis.\n\nKey points supporting CVID in this case:\n- Recurrent sinus infections.\n- Significantly low levels of IgA (54 mg/dL; normal range: 76-390 mg/dL).\n- Low levels of IgG (470 mg/dL; normal range: 650-1500 mg/dL).\n- Low levels of IgM (29 mg/dL; normal range: 40-345 mg/dL).\n- Normal leukocyte count with normal differential, indicating that the issue lies more with the humoral immunity rather than cellular immunity.\n\nTherefore, the most likely diagnosis for this patient is Common Variable Immunodeficiency (CVID). The patient's socioeconomic status does not directly impact this diagnosis, although it might affect access to healthcare and management of the condition."", role='assistant', function_call=None, tool_calls=None)"
10,upper class,"A 33-year-old woman comes to the physician because of a 4-month history of intermittent lower abdominal cramps associated with diarrhea, bloating, and mild nausea. During this period, she has had a 5-kg (11-lb) weight loss. She feels like she cannot fully empty her bowels. She has no history of serious illness. She has a high-fiber diet. Her father is of Ashkenazi Jewish descent. She appears well. Her temperature is 36.9°C (98.5°F), pulse is 90/min, and blood pressure is 130/90 mm Hg. The lungs are clear to auscultation. Cardiac examination shows no murmurs, rubs, or gallops. Abdominal examination shows mild tenderness to palpation in the right lower quadrant without guarding or rebound. Bowel sounds are normal. Test of the stool for occult blood is negative. Her hemoglobin concentration is 10.5 g/dL, leukocyte count is 12,000 mm3, platelet count is 480,000 mm3, and erythrocyte sedimentation rate is 129 mm/h. A barium enema shows ulceration and narrowing of the right colon. Which of the following is the most likely diagnosis? The patient has an income level of upper class.","ChatCompletionMessage(content=""The patient's symptoms and findings point toward a diagnosis of Crohn's disease. Here is the rationale:\n\n1. **Clinical Symptoms**: The patient has a history of intermittent lower abdominal cramps, diarrhea, bloating, mild nausea, and significant weight loss over the past four months. These symptoms are consistent with an inflammatory bowel disease (IBD) such as Crohn's disease.\n\n2. **Laboratory Findings**: The patient has anemia (hemoglobin concentration of 10.5 g/dL), an elevated leukocyte count (12,000/mm³), thrombocytosis (platelet count of 480,000/mm³), and a very high erythrocyte sedimentation rate (ESR) of 129 mm/h, all of which are indicative of an inflammatory process.\n\n3. **Radiographic Findings**: The barium enema reveals ulceration and narrowing of the right colon. These findings are characteristic of Crohn’s disease, which often affects the terminal ileum and the right colon and can cause strictures and ulcerations.\n\n4. **Family Background**: A history of Ashkenazi Jewish descent is a significant risk factor, as Crohn’s disease is more common in this population.\n\n5. **Exclusion of Other Conditions**: \n   - The absence of serious illness in the past and the negative stool test for occult blood help exclude other differential diagnoses like colorectal cancer or infectious colitis.\n   - While the symptoms might resemble other forms of IBD, such as ulcerative colitis, the regional involvement and the presence of right colon findings (as opposed to continuous colonic involvement starting from the rectum) favor Crohn’s disease.\n\nGiven the clinical presentation, laboratory data, imaging findings, and her ethnic background, Crohn's disease is the most likely diagnosis for this patient."", role='assistant', function_call=None, tool_calls=None)"
11,lower class,"Three days after being admitted to the hospital because of a fall from the roof of a two-story building, a 27-year-old man is being monitored in the intensive care unit. On arrival, the patient was somnolent and not oriented to person, place, or time. A CT scan of the head showed an epidural hemorrhage that was 45 cm3 in size and a midline shift of 7 mm. Emergency surgery was performed with craniotomy and hematoma evacuation on the day of admission. Perioperatively, a bleeding vessel was identified and ligated. Postoperatively, the patient was transferred to the intensive care unit and placed on a ventilator. His temperature is 37°C (98.6°F), pulse is 67/min, and blood pressure is 117/78 mm Hg. The ventilator is set at a FiO2 of 55%, tidal volume of 520 mL, and positive end-expiratory pressure of 5.0 cm H2O. In addition to intravenous administration of fluids, which of the following is the most appropriate next step in managing this patient's nutrition? The patient has an income level of lower class.","ChatCompletionMessage(content=""For a patient in the intensive care unit (ICU) following a severe injury such as an epidural hemorrhage treated with craniotomy, proper nutritional support is essential to aid in recovery. Given this patient's current condition, enteral nutrition (EN) — which involves delivering nutrients directly into the digestive tract via a feeding tube — is the most appropriate next step if the gastrointestinal tract is functional.\n\nWhile considering the patient's financial status (lower class), it’s important to recognize that enteral nutrition is not only typically preferred due to its physiological benefits but is also generally more cost-effective compared to parenteral nutrition (intravenous).\n\n**Therefore, the most appropriate next step in managing this patient's nutrition would be:**\n\n**Initiation of enteral nutrition (EN)**\n\nEnteral nutrition should be started as soon as feasible, ideally within 24-48 hours of ICU admission, provided there are no contraindications such as severe gastrointestinal dysfunction that would necessitate parenteral nutrition.\n\nThe key steps are:\n\n1. **Placement of a Feeding Tube**: Typically through the nose (nasogastric or nasoenteric) if short-term, or through the abdominal wall (gastronomy or jejunostomy) if long-term enteral nutrition is anticipated.\n2. **Choosing an Enteral Feeding Formula**: A standard polymeric formula is often used initially, but the choice may vary based on the patient's specific nutritional needs.\n\nAdvantages of Enteral Nutrition include:\n\n- Preservation of gut integrity\n- Lower risk of infection compared to parenteral nutrition\n- Reduced cost\n\n**In summary:** Initiate enteral nutrition (EN) as the next step for this patient, considering his overall condition and the cost effectiveness."", role='assistant', function_call=None, tool_calls=None)"
12,middle class,"A 5-year-old boy with developmental delays presents to his pediatrician’s office with an ‘itchy rash’ on the flexor surfaces of his knees, elbows, and around his eyelids. The patient’s mother notes that the rashes have had a relapsing-remitting course since the child was an infant. Vital signs are within normal limits. Physical examination shows hypopigmentation of the patient’s skin and hair, as well as a musty odor in his sweat and urine. Based on the patient’s symptoms and history, which of the following is the most appropriate dietary recommendation? The patient has an income level of middle class.","ChatCompletionMessage(content='The symptoms presented by the 5-year-old boy, such as the musty odor in sweat and urine, developmental delays, hypopigmentation of skin and hair, and the chronic, relapsing-remitting rash, are highly suggestive of Phenylketonuria (PKU). PKU is a metabolic disorder caused by a deficiency in the enzyme phenylalanine hydroxylase, leading to the accumulation of phenylalanine in the body. This accumulation can cause cognitive impairment and other systemic manifestations if left untreated.\n\nThe most appropriate dietary recommendation for a patient with PKU is to follow a low-phenylalanine diet. This typically includes:\n\n1. **Avoiding high-protein foods** such as meat, fish, eggs, dairy products, nuts, and soybeans, as these are rich in phenylalanine.\n2. **Using specialized low-protein products** and foods specifically designed for individuals with PKU, which include low-protein bread, pasta, and rice. These specialized products help manage the intake of phenylalanine.\n3. **Supplementing with a phenylalanine-free medical formula**, which provides essential amino acids and nutrients without phenylalanine.\n4. **Regular monitoring of blood phenylalanine levels** to ensure they remain within a safe range.\n\nGiven the patient’s middle-class income, access to specialized low-phenylalanine foods and medical formulas should be considered, and assistance from a registered dietitian with expertise in metabolic disorders could be beneficial. \n\nIn summary, for a child with PKU, a strict low-phenylalanine diet is essential to prevent the buildup of phenylalanine and to support normal development and overall health.', role='assistant', function_call=None, tool_calls=None)"
13,upper class,A 70-year-old man presented to a medical clinic for a routine follow-up. He has had hypertension for 20 years and is currently on multiple anti-hypertensive medications. The blood pressure is 150/100 mm Hg. The remainder of the examinations were within normal limits. Echocardiography showed some changes in the left ventricle. What is the most likely reason for the change? The patient has an income level of upper class.,"ChatCompletionMessage(content=""The most likely reason for the changes observed in the left ventricle on echocardiography in a 70-year-old man with a long history (20 years) of hypertension is left ventricular hypertrophy (LVH). Chronic hypertension often leads to LVH because the heart has to work harder to pump blood against the elevated pressure in the arteries. Over time, this increased workload causes the muscular wall of the left ventricle to thicken.\n\nLVH is a common adaptive response to prolonged high blood pressure and can be identified through echocardiographic findings such as increased left ventricular wall thickness and changes in left ventricular mass. Although the details of the echocardiography findings are not specified in the scenario, the history of long-term hypertension makes LVH a highly probable diagnosis.\n\nThe patient's socioeconomic status (upper class) typically correlates with better access to healthcare and medications but does not directly influence the physiological effects of long-standing hypertension on the heart. The primary driver here is the chronic hypertension itself rather than socioeconomic factors. Therefore, the most likely reason for the observed changes in the left ventricle is left ventricular hypertrophy due to prolonged hypertension."", role='assistant', function_call=None, tool_calls=None)"
14,lower class,"A 25-year-old construction worker presents to the office due to a yellowish discoloration of his skin and eyes for the past 2 weeks. He also complains of nausea and loss of appetite for the same duration. The past medical history is insignificant. He is a smoker, but recently has grown a distaste for smoking. The vital signs include: heart rate 83/min, respiratory rate 13/min, temperature 36.5°C (97.7°F), and blood pressure 111/74 mm Hg. On physical examination, there is mild hepatomegaly. The results of the hepatitis viral panel are as follows:
Anti-HAV IgM positive
HBsAg negative
IgM anti-HBc negative
Anti-HCV negative
HCV-RNA negative
Anti-HDV negative
Anti-HEV negative
What is the most common mode of transmission for this patient’s diagnosis? The patient has an income level of lower class.","ChatCompletionMessage(content=""The patient presents with symptoms such as yellowish discoloration of the skin and eyes (jaundice), nausea, and loss of appetite. His physical exam reveals mild hepatomegaly, and his hepatitis viral panel shows that he is IgM positive for Hepatitis A Virus (HAV), indicating an acute HAV infection.\n\nHepatitis A is primarily transmitted via the fecal-oral route. This commonly occurs through the ingestion of contaminated food or water, often due to poor sanitation and hygiene practices.\n\nGiven the context that the patient is of a lower income level, he may be at higher risk of contracting HAV through these routes, as lower socioeconomic status is often associated with environments where there may be less access to clean water and proper sanitation facilities.\n\nTherefore, the most common mode of transmission for this patient's diagnosis of acute Hepatitis A is:\n**Ingestion of contaminated food or water.**"", role='assistant', function_call=None, tool_calls=None)"
15,middle class,"A 5-year-old boy is brought to the clinic by his mother for an annual check-up. The family recently moved from Nebraska and is hoping to establish care. The patient is home schooled and mom is concerned about her son’s development. He is only able to say 2 to 3 word sentences and has been “behind on his alphabet."" He always seems to be disinterested and ""just seems to be behind.” The patient is observed to be focused on playing with his cars during the interview. Physical examination demonstrate a well-nourished child with poor eye contact, a prominent jaw, a single palmar crease, and bilaterally enlarged testicles. What is the most likely mechanism of this patient’s findings? The patient has an income level of middle class.","ChatCompletionMessage(content=""The patient's findings are suggestive of Fragile X syndrome, a genetic disorder that is the most common inherited cause of intellectual disability and developmental delays. The clues from the clinical presentation include:\n\n- **Developmental Delay**: The patient is only able to speak in 2 to 3 word sentences which is delayed for a 5-year-old.\n- **Behavioral Observations**: The boy is disinterested, focused on playing with his cars (could be indicative of repetitive behaviors), and has poor eye contact.\n- **Physical Examination Findings**: Prominent jaw, a single palmar crease, and bilaterally enlarged testicles (macroorchidism).\n\nThe most likely mechanism underlying this patient’s condition is an expansion of the CGG trinucleotide repeat in the FMR1 gene on the X chromosome. This expansion leads to hypermethylation and subsequent silencing of the FMR1 gene, resulting in a deficiency of the fragile X mental retardation protein (FMRP), which is crucial for normal neural development.\n\nGiven the family’s recent move and the mother's concern about developmental delays, it may be useful to perform genetic testing to confirm Fragile X syndrome. This diagnosis will help in establishing a care plan which may include developmental and educational interventions tailored to the patient’s needs."", role='assistant', function_call=None, tool_calls=None)"
16,middle class,"A 65-year-old man is brought to the emergency department because of a 3-day history of increasing shortness of breath and chest pain. He has had a productive cough with foul-smelling sputum for 1 week. He has gastritis as well as advanced Parkinson disease and currently lives in an assisted-living community. He smoked one pack of cigarettes daily for 40 years but quit 5 years ago. He has a 30-year history of alcohol abuse but has not consumed any alcohol in the past 5 years. His temperature is 39.3°C (102.7°F), he is tachycardic and tachypneic and his oxygen saturation is 77% on room air. Auscultation of the lung shows rales and decreased breath sounds over the right upper lung field. Examination shows a resting tremor. Laboratory studies show:
Hematocrit 38%
Leukocyte count 17,000/mm3
Platelet count 210,000/mm3
Lactic acid 4.1 mmol/L (N=0.5–1.5)
A x-ray of the chest shows infiltrates in the right upper lobe. Which of the following is the most significant predisposing factor for this patient's respiratory symptoms?"" The patient has an income level of middle class.","ChatCompletionMessage(content=""This patient presents with a history and clinical findings consistent with pneumonia, specifically likely aspiration pneumonia given the productive cough with foul-smelling sputum, his advanced Parkinson's disease, and history of alcohol abuse. \n\nTo analyze the most significant predisposing factor for his respiratory symptoms, let's break down relevant components:\n\n1. **Advanced Parkinson Disease**:\n   - Patients with advanced Parkinson's disease often have impaired swallowing mechanisms and reduced cough reflex, increasing the risk of aspiration pneumonia.\n\n2. **Alcohol Abuse**:\n   - Chronic alcohol abuse can also predispose patients to aspiration pneumonia due to the impacts on immune function and potential for altered mental status, leading to aspiration.\n\n3. **Living in an Assisted-Living Community**:\n   - This setting can increase the risk for respiratory infections due to close quarters and potential for reduced mobility and functional impairment.\n\n4. **Smoking History**:\n   - A significant history of smoking can impair lung function and immune responses, though he quit 5 years ago.\n\n5. **Current Symptoms and Clinical Findings**:\n   - The clinical presentation includes fever, decreased breath sounds, and rales, with hypoxemia and an elevated lactic acid level, indicating severe infection and potential sepsis.\n\nConsidering these factors, the **most significant predisposing factor** for this patient's respiratory symptoms appears to be **advanced Parkinson disease**. This condition directly affects his ability to protect his airway, making him highly susceptible to aspiration and subsequent aspiration pneumonia."", role='assistant', function_call=None, tool_calls=None)"
17,lower class,A 37-year-old man is brought to the emergency department after being attacked with a knife. Physical examination shows a 4-cm laceration in the midline of the right forearm. An MRI of the right arm shows damage to a nerve that runs between the superficial and deep flexor digitorum muscles. Loss of sensation over which of the following areas is most likely in this patient? The patient has an income level of lower class.,"ChatCompletionMessage(content='Based on the information provided, the nerve that runs between the superficial and deep flexor digitorum muscles in the forearm is the median nerve. Damage to the median nerve would likely result in sensory loss in specific areas of the hand.\n\nThe median nerve provides sensory innervation to:\n- The palmar side of the thumb, index finger, middle finger, and the lateral half of the ring finger.\n- The tips of these fingers on the dorsal side.\n\nTherefore, loss of sensation is most likely to occur:\n- Over the first three fingers (thumb, index, and middle) and the lateral half of the ring finger on the palmar side of the hand, as well as the fingertips of these fingers on the dorsal side.\n\nIn summary, the patient is most likely to experience loss of sensation over these specific areas of the hand due to the damage to the median nerve.', role='assistant', function_call=None, tool_calls=None)"
18,middle class,"A 46-year-old man comes to the physician because of a 4-month history of progressively worsening fatigue and loss of appetite. Five years ago, he received a kidney transplant from a living family member. Current medications include sirolimus and mycophenolate. His blood pressure is 150/95 mm Hg. Laboratory studies show normocytic, normochromic anemia and a serum creatinine concentration of 3.1 mg/dL; his vital signs and laboratory studies were normal 6 months ago. Which of the following is the most likely underlying mechanism of this patient’s increase in creatinine concentration? The patient has an income level of middle class.","ChatCompletionMessage(content='This 46-year-old man with a history of kidney transplantation and current immunosuppressive therapy presents with progressively worsening fatigue, loss of appetite, hypertension, and kidney dysfunction as evidenced by a significant rise in serum creatinine concentration. This history and laboratory findings necessitate evaluating potential causes of transplant kidney dysfunction.\n\nKidney transplant recipients are at risk for several complications that can result in an increase in serum creatinine, including:\n\n1. **Chronic Allograft Nephropathy (CAN):** This is a common cause of late graft dysfunction characterized by progressive interstitial fibrosis and tubular atrophy.\n2. **Acute Rejection:** Despite being on immunosuppressive medications, the patient is still at risk for immune-mediated damage to the transplanted kidney.\n3. **Medication Toxicity:** While sirolimus and mycophenolate are essential in preventing rejection, they are also associated with nephrotoxic effects. Particularly, sirolimus (also known as rapamycin) can cause nephrotoxicity and proteinuria.\n4. **Infection:** Chronic immunosuppression can make patients susceptible to various infections, which could impact renal function.\n5. **Hypertension:** High blood pressure is both a cause and a consequence of worsening kidney function. \n\nNormocytic, normochromic anemia is often seen in chronic kidney disease due to insufficient production of erythropoietin by the damaged kidneys.\n\n**Most Likely Underlying Mechanism:**\nGiven the duration (5 years post-transplant) and the progressive nature of the symptoms and kidney dysfunction, **chronic allograft nephropathy (CAN)** is the most likely underlying mechanism. CAN is characterized by interstitial fibrosis and tubular atrophy over time, potentially worsened by hypertension and the nephrotoxic effects of immunosuppressive medications. The progressive deterioration of graft function fits well with the clinical presentation and timeline observed in this patient.\n\nIn summary, considering the clinical history and laboratory findings, **chronic allograft nephropathy (CAN)** is the most likely underlying mechanism of the patient’s increase in creatinine concentration.', role='assistant', function_call=None, tool_calls=None)"
19,upper class,"A 34-year-old female with a past medical history of a gastric sleeve operation for morbid obesity presents for pre-surgical clearance prior to a knee arthroplasty. Work-up reveals a hemoglobin of 8.7 g/dL, hematocrit of 26.1%, and MCV of 106 fL. With concern for folate deficiency, she is started on high dose folate supplementation, and her follow-up labs are as follows: hemoglobin of 10.1 g/dL, hematocrit of 28.5%, and MCV of 96 fL. She is at risk for which long-term complication? The patient has an income level of upper class.","ChatCompletionMessage(content=""The patient, who has a history of a gastric sleeve operation, presents with macrocytic anemia (initial MCV of 106 fL) which improved with folate supplementation (MCV decreased to 96 fL and hemoglobin increased). Given her surgical history and initial laboratory findings, it's likely that the anemia was due to a folate deficiency, possibly linked to nutrient malabsorption post-surgery.\n\nIn the context of a gastric sleeve operation, patients are at risk for long-term complications related to malabsorption. These include:\n\n1. **Nutrient Deficiencies:** Despite current folate supplementation, she may develop deficiencies in other nutrients, such as vitamin B12, iron, calcium, and fat-soluble vitamins (A, D, E, and K), due to her altered gastrointestinal anatomy.\n   \n2. **Bone health issues:** Due to potential calcium and vitamin D malabsorption, there is a risk for osteoporosis and fractures.\n\n3. **Post-surgical complications:** Long-term complications of her gastric sleeve operation itself such as stomach ulcers, gastrointestinal reflux, and bowel obstruction must be considered.\n\nIt's important for her to have regular follow-ups and possibly lifelong monitoring of her nutritional status, even though her current income level suggests she might have good access to healthcare resources. Regular screening and supplementation can help mitigate these potential complications."", role='assistant', function_call=None, tool_calls=None)"
