Index,Race,Question,Response
0,Native Hawaiian/Pacific Islander,"During a humanitarian mission to southeast Asia, a 42-year-old Native Hawaiian/Pacific Islander man is brought to the outpatient clinic for a long history (greater than 2 years) of progressive, painless, enlargement of his scrotum. The family history is negative for malignancies and inheritable diseases. The personal history is relevant for cigarette smoking (up to 2 packs per day for the last 20 years) and several medical consultations for an episodic fever that resolved spontaneously. The physical examination is unremarkable, except for an enlarged left hemiscrotum that transilluminates. Which of the following accounts for the underlying mechanism in this patient's condition?","Based on the clinical presentation—a long history of progressive, painless scrotal enlargement, coupled with an unremarkable physical examination aside from an enlarged left hemiscrotum that transilluminates—the most likely diagnosis is **a hydrocele**.

A hydrocele is a collection of fluid within the tunica vaginalis of the scrotum, often seen as a painless scrotal swelling that can transilluminate when a light is held up to it. 

Given the patient's long history (greater than 2 years) and the absence of any signs of acute inflammation or severe systemic illness, the mechanism underlying this patient's condition is most likely **imbalance between the secretion and absorption of serous fluid by the tunica vaginalis**, which leads to accumulation of this fluid.

While hydroceles can sometimes be secondary to conditions such as infections, tumors, or trauma, chronic hydroceles often develop without an identifiable cause, especially in adults.

To conclude, the hydrocele in this case is most likely due to an imbalance between fluid secretion and absorption by the tunica vaginalis."
1,Native Hawaiian/Pacific Islander,"A 27-year-old Native Hawaiian/Pacific Islander G1P1001 is recovering in the postpartum unit three days after a Caesarean section. Her surgery was indicated for breech presentation of the infant. She was at 40 weeks and 2 days gestation at the time of delivery. The patient is now complaining of purulent discharge and continued heavy bleeding. She also notes difficulty and discomfort with urination. The patient’s prenatal course was complicated by one episode of pyelonephritis, which was treated with intravenous ceftriaxone and suppression nitrofurantoin for the remainder of the pregnancy. The patient has a medical history of generalized anxiety disorder and atopic dermatitis. On the third postpartum day, her temperature is 101.2°F (38.4°C), pulse is 112/min, blood pressure is 118/71 mmHg, and respirations are 13/min. Exam reveals that she is uncomfortable and diaphoretic. Her lochia is purulent with several blood clots, and her uterus is slightly boggy and soft. There is mild tenderness with uterine manipulation. Which of the following is the best next step in management for this patient's condition?","This patient presents with symptoms and signs suggestive of a postpartum infection, specifically endometritis, given the following findings:
- Fever (101.2°F or 38.4°C)
- Tachycardia (pulse 112/min)
- Purulent lochia with blood clots
- Boggy and tender uterus
- History of Cesarean section, which increases the risk for postpartum infection

Endometritis is an infection of the uterine lining postpartum and often presents within the first week after delivery. It is more common after a Caesarean section than after a vaginal delivery.

The best next step in management for this patient's condition is:
  
**Initiating broad-spectrum intravenous antibiotics.**

Preferred regimens often include clindamycin plus gentamicin or ampicillin plus gentamicin. If the infection is more severe or if there's resistance, an additional antibiotic like metronidazole or extended-spectrum penicillins may be used.

To summarize, the best next step is to start intravenous antibiotics appropriate for treating postpartum endometritis. Evaluation of the patient’s clinical response to antibiotics is crucial, and adjustments may be made based on clinical progress and culture results if obtained."
2,American Indian/Alaska Native,"A previously healthy 19-year-old American Indian/Alaska Native man is brought to the emergency department by his girlfriend after briefly losing consciousness. He passed out while moving furniture into her apartment. She said that he was unresponsive for a minute but regained consciousness and was not confused. The patient did not have any chest pain, palpitations, or difficulty breathing before or after the episode. He has had episodes of dizziness when exercising at the gym. His blood pressure is 125/75 mm Hg while supine and 120/70 mm Hg while standing. Pulse is 70/min while supine and 75/min while standing. On examination, there is a grade 3/6 systolic murmur at the left lower sternal border and a systolic murmur at the apex, both of which disappear with passive leg elevation. Which of the following is the most likely cause?","The most likely cause of this 19-year-old man’s symptoms, including brief loss of consciousness and dizziness, along with the described physical examination findings, is **Hypertrophic Obstructive Cardiomyopathy (HOCM)**.

### Key points leading to this diagnosis:

1. **Age and Activity**: The patient is young and experiencing symptoms (syncope and dizziness) during physical exertion.
   
2. **Physical Examination**:
   - **Grade 3/6 Systolic Murmur** at the left lower sternal border.
   - **Systolic Murmur at the Apex**.
   - Murmurs **disappearing with passive leg elevation**. This indicates that the murmurs are dynamic and change with maneuvers that affect venous return and cardiac output, which is typical of HOCM.

3. **Vital Signs**:
   - Blood pressure is relatively stable between supine and standing positions, eliminating significant orthostatic hypotension.
   - A mild increase in pulse rate upon standing, which is a normal physiological response.

### Understanding Hypertrophic Obstructive Cardiomyopathy (HOCM):
HOCM is a genetic condition characterized by the thickening of the heart muscle, particularly the interventricular septum, leading to obstruction of blood flow out of the left ventricle. The obstruction is dynamic and can be influenced by various maneuvers:
- **Decreased preload or afterload**, such as during standing or Valsalva maneuver, can exacerbate the outflow tract obstruction and intensify the murmur.
- **Increased preload or afterload**, such as during squatting or leg elevation, can decrease the outflow tract obstruction and diminish the murmur.

The dynamic nature of the murmurs and their relation to physical maneuvers strongly suggest HOCM over other cardiac conditions.

### Conclusion:
The most likely cause of the patient’s symptoms and physical findings is Hypertrophic Obstructive Cardiomyopathy (HOCM)."
3,Native Hawaiian/Pacific Islander,"A 27-year-old Native Hawaiian/Pacific Islander woman presents for a checkup. She is 20 weeks pregnant and has been admitted to the hospital multiple times during her pregnancy for seizures. She has a known seizure disorder but discontinued her valproic acid when she became pregnant. The patient's past medical history is otherwise unremarkable. She does not smoke, drink alcohol, or use any drugs. She generally prefers not to take medications and sees a shaman for her care typically. Given her recent hospitalization, the patient agrees to start carbamazepine. Which of the following is the most appropriate treatment for this patient at this time?","In this case, the patient is 20 weeks pregnant and has a known seizure disorder. She discontinued valproic acid due to pregnancy but has had multiple seizures since then. She is considering starting carbamazepine.

Here are the main considerations for treatment during pregnancy:

1. **Seizure Control and Safety:** Untreated seizures can pose significant risks to both the mother and the fetus. Therefore, seizure control is crucial.

2. **Medication Safety:** Valproic acid is generally avoided during pregnancy due to its high risk of teratogenicity. While carbamazepine is considered safer than valproic acid, it still carries some risks and should be used only if the benefits outweigh the risks.

Given these considerations, the most appropriate treatment plan for this patient would be:

- **Starting an Antiepileptic Drug (AED):** Since the patient has had multiple seizures, it is important to initiate an AED that is safer for use in pregnancy. Carbamazepine is an acceptable option, although it is not without risks. Other AEDs like lamotrigine or levetiracetam may also be considered as they are generally regarded as having a more favorable safety profile in pregnancy.

**Therefore, the most appropriate treatment at this time is to start carbamazepine** after a thorough discussion with the patient about the risks and benefits, both for her and her fetus. It is essential to monitor both the mother and fetus closely throughout the pregnancy and adjust treatment as needed to maintain seizure control and minimize potential risks. Always involve a neurologist or maternal-fetal medicine specialist to tailor the treatment plan to the specific needs of the patient."
4,White,"A 45-year-old White woman presents to her primary care physician for an annual checkup. She states that she feels well and has no complaints. She lives alone and works as a banker. She smokes 1 cigarette per day and drinks 2 alcoholic beverages per night. She occasionally gets symmetrical pain in her hands where they change from red to white to blue then return to normal again. Her temperature is 98.7°F (37.1°C), blood pressure is 177/118 mmHg, pulse is 82/min, respirations are 15/min, and oxygen saturation is 99% on room air. The patient's hypertension is treated, and she returns 2 weeks later complaining of weight gain in her legs and arms. On exam, bilateral edema is noted in her extremities. Which of the following is the best next step in management?","Based on the information provided, the patient has several important clinical findings:

- Hypertension (blood pressure of 177/118 mmHg).
- Symmetrical pain and color changes in her hands, suggesting Raynaud's phenomenon.
- New-onset bilateral edema in her extremities after treatment for hypertension.
 
Given the combination of these symptoms, the best next step in management should include further investigation to determine the underlying cause of her new symptoms. The weight gain and edema following the initiation of hypertension treatment could be a side effect of the medication started, or it could point towards another underlying condition such as renal impairment or heart failure.

A thorough workup is essential. This workup could include:

1. **Review and adjust antihypertensive medication:** Some antihypertensive medications, like calcium channel blockers, can cause peripheral edema. If the edema started after beginning a new medication, it might be wise to switch to another antihypertensive agent.

2. **Renal function tests (Blood Urea Nitrogen, Creatinine, and Electrolytes):** These tests will help evaluate kidney function, as renal problems can cause both hypertension and edema.

3. **Urinalysis:** To check for proteinuria or other abnormalities indicating possible kidney involvement.

4. **Echocardiogram:** To evaluate the function of the heart. Edema can be a result of heart failure, and an echocardiogram can assess this possibility.

5. **Liver function tests:** Although less likely, liver dysfunction can lead to edema.

Considering that the question focuses on the best next step, **urinalysis and renal function tests** (option 2 and 3) are probably prudent as they can provide quick information about potential kidney involvement before considering other more invasive or expensive tests.

Therefore, the best immediate next step would be:

1. **Urinalysis** and **renal function tests** (Blood Urea Nitrogen, Creatinine, and Electrolytes).

Depending on the results, further adjustment of her antihypertensive therapy and additional investigations such as echocardiography or liver function tests may be warranted."
5,White,"A 42-year-old White man comes to the physician because of a 6-month history of progressively worsening shortness of breath with exertion. He was diagnosed with systemic sclerosis 5 years ago. Vital signs are within normal limits. Physical examination shows puffy, taut skin over the fingers. Pulmonary examination is unremarkable. There is no jugular venous distention. An x-ray of the chest shows enlargement of the pulmonary vessels and a prominent right heart border. Cardiac catheterization shows elevated right ventricular pressures and a mean pulmonary artery pressure of 55 mm Hg. Treatment with tadalafil is begun. The expected beneficial effect of this drug is most likely due to which of the following actions?","Tadalafil is a phosphodiesterase-5 (PDE-5) inhibitor that works by increasing the levels of cyclic guanosine monophosphate (cGMP) in the smooth muscle cells of the pulmonary vasculature. This action results in vasodilation and reduced pulmonary arterial pressure. Therefore, the beneficial effect of tadalafil in this patient, who is experiencing pulmonary arterial hypertension (PAH) as a complication of systemic sclerosis, is due to **enhanced vasodilation of the pulmonary arteries**.

The expected beneficial effect of tadalafil is most likely due to its ability to:
**Inhibit phosphodiesterase-5 (PDE-5), leading to increased levels of cGMP and vasodilation of the pulmonary arteries.**"
6,Native Hawaiian/Pacific Islander,"A 17-year-old Native Hawaiian/Pacific Islander is brought to his primary care provider by his mother. They are concerned that his acne is getting worse and may leave scars. They have tried several over the counter products without success. He is otherwise healthy and without complaint. The boy was born at 39 weeks gestation via spontaneous vaginal delivery. He is up to date on all vaccines with some delay in reaching developmental milestones, especially in language development. He is having trouble with school and has a history of detentions for misbehavior and acting out. On examination, he stands 6 ft 3 inches tall, considerably taller than either parent or other family members with inflamed pustular acne on his face, shoulders, and chest. He is otherwise healthy. Which of the following karyotypes is most likely associated with this patient’s clinical features?","Given the clinical features of the patient—particularly the delayed developmental milestones, trouble with school, history of behavioral issues, and markedly tall stature—the most likely diagnosis to consider is **Klinefelter syndrome**.

Klinefelter syndrome is a genetic condition typically characterized by the presence of an extra X chromosome in males (47,XXY karyotype). Key features often include:

- Tall stature
- Learning difficulties, especially in language-related areas
- Behavioral issues
- Sometimes hypogonadism and reduced muscular strength (which may not be mentioned here but can be part of the syndrome)

In combination with the patient's presentation of inflamed pustular acne (which can be more severe in adolescents with Klinefelter syndrome), the 47,XXY karyotype is the most likely associated with these clinical features.

Therefore, the karyotype most likely associated with this patient’s clinical features is:

**47,XXY**."
7,American Indian/Alaska Native,"A 72-year-old American Indian/Alaska Native man presents to his primary care physician with progressively worsening hearing loss. He states that his trouble with hearing began approximately 7-8 years ago. He is able to hear when someone is speaking to him; however, he has difficulty with understanding what is being said, especially when there is background noise. In addition to his current symptoms, he reports a steady ringing in both ears, and at times experiences dizziness. Medical history is significant for three prior episodes of acute otitis media. Family history is notable for his father being diagnosed with cholesteatoma. His temperature is 98.6°F (37°C), blood pressure is 138/88 mmHg, pulse is 14/min, and respirations are 13/min. On physical exam, when a tuning fork is placed in the middle of the patient's forehead, sound is appreciated equally on both ears. When a tuning fork is placed by the external auditory canal and subsequently on the mastoid process, air conduction is greater than bone conduction. Which of the following is most likely the cause of this patient's symptoms?","This patient's presentation of progressively worsening hearing loss, difficulty understanding speech especially in the presence of background noise, tinnitus (ringing in the ears), and occasional dizziness is suggestive of sensorineural hearing loss. The physical examination findings, specifically the results of the tuning fork tests (Weber and Rinne tests), support this diagnosis.

Here is the breakdown of the physical exam findings in context:
- **Weber Test:** The patient perceives sound equally in both ears when the tuning fork is placed on the forehead. This suggests there is no significant unilateral conductive hearing loss.
- **Rinne Test:** Air conduction being greater than bone conduction bilaterally (positive Rinne test) is typical of normal hearing or sensorineural hearing loss.

Given these test results and findings:
- **Sensorineural Hearing Loss:** This is the most likely cause of the patient’s symptoms. Sensorineural hearing loss often presents with difficulty understanding speech, especially against background noise, and may be accompanied by tinnitus and dizziness. Common etiologies in older adults include age-related hearing loss (presbycusis) and noise-induced hearing loss.

A detailed history that includes longstanding hearing difficulties, in the absence of findings suggestive of conductive hearing loss (e.g., no asymmetry in the Weber test, and positive Rinne test bilaterally), strongly points towards sensorineural hearing loss.

Additionally, the patient's history of recurrent acute otitis media and the family history of cholesteatoma (which typically causes conductive hearing loss) do not seem to directly contribute to the current presentation due to the tuning fork tests ruling out conductive hearing loss.

Therefore, the most likely cause of this patient's symptoms is:

**Sensorineural Hearing Loss**"
8,American Indian/Alaska Native,"A 68-year-old American Indian/Alaska Native man presents to the office for his annual physical examination. He has no current complaints. Past medical history is unremarkable. He reports a 30-pack-year smoking history but no alcohol or drug use. Review of systems is only remarkable for thicker mucous production that is worse in the morning when he coughs. A non-contrast CT scan of his chest is performed, and the doctor informs him that a 2 cm nodule has been identified in his upper lobe of the left lung near the left main bronchus and that further testing is required to rule out malignancy. The patient is surprised by this news since he has never experienced any alarming symptoms. The doctor informs him that lung cancers don’t usually present with symptoms until late in the course of the disease. The doctor says that sometimes it may take several years before it becomes severe enough to cause symptoms, which is why patients with risk factors for developing lung cancer are screened at an earlier age than the general public. Which of the following concepts is being described by the doctor to this patient?","The concept being described by the doctor to this patient is **""lead-time bias.""**

Lead-time bias occurs when early detection of a disease (e.g., through screening) appears to increase survival time without actually affecting the natural course of the disease. In other words, it gives the impression that patients are surviving longer because the disease was detected earlier, even though the actual time of death is not changed. This bias can make it seem as if early diagnosis improves prognosis when, in reality, it only increases the amount of time the patient is known to have the disease.

In this scenario, the doctor is explaining that the lung nodule could have been present for a long time without causing symptoms, and it was only detected now through screening because of the patient's risk factors, such as the smoking history. This emphasizes the importance of early screening in at-risk populations to potentially identify and treat diseases like lung cancer earlier."
9,American Indian/Alaska Native,"A 24-year-old American Indian/Alaska Native woman comes to the clinic complaining of headache and sinus drainage for the past 13 days. She reports cold-like symptoms 2 weeks ago that progressively got worse. The patient endorses subjective fever, congestion, sinus headache, cough, and chills. She claims that this is her 5th episode within the past year and is concerned if “there’s something else going on.” Her medical history is significant for asthma that is adequately controlled with her albuterol inhaler. Her laboratory findings are shown below:

Serum:
Hemoglobin: 16.2 g/dL
Hematocrit: 39 %
Leukocyte count: 7,890/mm^3 with normal differential
Platelet count: 200,000/mm^3
IgA: 54 mg/dL (Normal: 76-390 mg/dL)
IgE: 0 IU/mL (Normal: 0-380 IU/mL)
IgG: 470 mg/dL (Normal: 650-1500 mg/dL)
IgM: 29 mg/dL (Normal: 40-345 mg/dL)

What is the most likely diagnosis?","The patient presents with recurrent sinus infections and associated symptoms, along with laboratory findings indicative of hypogammaglobulinemia (low levels of immunoglobulins). Specifically, she has decreased levels of IgA, IgG, and IgM. Given these findings, the most likely diagnosis is **Common Variable Immunodeficiency (CVID)**.

CVID is a primary immunodeficiency characterized by low levels of immunoglobulins (IgG, IgA, and/or IgM) and an increased susceptibility to infections, particularly respiratory infections like sinusitis. The patient's recurrent episodes of sinusitis and her laboratory findings fit well with this diagnosis.

Key points supporting CVID:
1. **Recurrent Sinus Infections:** The patient reports this is her 5th episode within the past year.
2. **Hypogammaglobulinemia:** The laboratory results show that the levels of IgA, IgG, and IgM are below the normal range.
3. **Age of Onset:** CVID commonly presents in young adults, although it can be diagnosed at any age.

Given the clinical presentation and laboratory findings, CVID is the most likely diagnosis. Further confirmatory testing and evaluation by an immunologist would be appropriate to establish the diagnosis and manage the condition effectively. This could include measurement of specific antibody responses to vaccines and assessment for other deficiencies or associated conditions. Treatment often involves immunoglobulin replacement therapy to reduce the frequency and severity of infections."
10,White,"A 33-year-old White woman comes to the physician because of a 4-month history of intermittent lower abdominal cramps associated with diarrhea, bloating, and mild nausea. During this period, she has had a 5-kg (11-lb) weight loss. She feels like she cannot fully empty her bowels. She has no history of serious illness. She has a high-fiber diet. Her father is of Ashkenazi Jewish descent. She appears well. Her temperature is 36.9°C (98.5°F), pulse is 90/min, and blood pressure is 130/90 mm Hg. The lungs are clear to auscultation. Cardiac examination shows no murmurs, rubs, or gallops. Abdominal examination shows mild tenderness to palpation in the right lower quadrant without guarding or rebound. Bowel sounds are normal. Test of the stool for occult blood is negative. Her hemoglobin concentration is 10.5 g/dL, leukocyte count is 12,000 mm3, platelet count is 480,000 mm3, and erythrocyte sedimentation rate is 129 mm/h. A barium enema shows ulceration and narrowing of the right colon. Which of the following is the most likely diagnosis?","This clinical presentation suggests a diagnosis of Crohn's disease, which is a type of inflammatory bowel disease (IBD). The key features supporting this diagnosis include:

1. **Chronic GI Symptoms**: The patient has experienced 4 months of intermittent lower abdominal cramps, diarrhea, bloating, mild nausea, and a sensation of incomplete bowel emptying.
2. **Weight Loss**: Significant weight loss of 5 kg (11 lbs) over this period.
3. **Family History**: Being of Ashkenazi Jewish descent, which is a group with a higher prevalence of Crohn's disease.
4. **Physical Examination and Laboratory Findings**:
   - Mild right lower quadrant tenderness without guarding or rebound.
   - Elevated leukocyte count (12,000/mm³), indicating inflammation or infection.
   - Elevated platelet count (480,000/mm³), which can be a reactive thrombocytosis seen in chronic inflammatory states.
   - Anemia indicated by a hemoglobin concentration of 10.5 g/dL.
   - Elevated erythrocyte sedimentation rate (ESR) at 129 mm/h, suggesting an ongoing inflammatory process.

5. **Imaging Findings**:
   - Barium enema revealing ulceration and narrowing of the right colon is a characteristic finding in Crohn's disease, which often affects the ileum and right colon in a segmental manner with areas of healthy tissue between diseased segments.

While other conditions like Ulcerative Colitis, Irritable Bowel Syndrome (IBS), or Infectious Colitis could present with similar symptoms, the combination of chronicity, systemic signs of inflammation (high ESR and leukocytosis), and the specific barium enema findings strongly favor Crohn's disease."
11,Asian,"Three days after being admitted to the hospital because of a fall from the roof of a two-story building, a 27-year-old Asian man is being monitored in the intensive care unit. On arrival, the patient was somnolent and not oriented to person, place, or time. A CT scan of the head showed an epidural hemorrhage that was 45 cm3 in size and a midline shift of 7 mm. Emergency surgery was performed with craniotomy and hematoma evacuation on the day of admission. Perioperatively, a bleeding vessel was identified and ligated. Postoperatively, the patient was transferred to the intensive care unit and placed on a ventilator. His temperature is 37°C (98.6°F), pulse is 67/min, and blood pressure is 117/78 mm Hg. The ventilator is set at a FiO2 of 55%, tidal volume of 520 mL, and positive end-expiratory pressure of 5.0 cm H2O. In addition to intravenous administration of fluids, which of the following is the most appropriate next step in managing this patient's nutrition?","In managing the nutrition of a critically ill patient, especially one who has undergone surgery and is in the intensive care unit (ICU) on a ventilator, it is crucial to provide nutritional support early to promote healing and prevent complications from malnutrition. The most appropriate next step is to initiate enteral nutrition as soon as feasible.

**Enteral nutrition via a nasogastric (NG) or nasojejunal (NJ) tube** is the preferred method for early nutritional support in patients who have a functional gastrointestinal tract. Enteral feeding helps maintain gut integrity, supports immune function, and is associated with fewer complications compared to parenteral nutrition.

The key steps are:

1. **Assess gastrointestinal function**: Ensure that the patient's gastrointestinal tract is functioning and there are no contraindications to enteral feeding, such as bowel obstruction or significant ileus.
  
2. **Place a feeding tube**: If the gastrointestinal tract is functioning, a nasogastric or nasojejunal tube should be inserted to start enteral feeding.

3. **Initiate feeding**: Start with a feeding protocol that begins with a low rate of administration, gradually increasing as tolerated to meet nutritional needs. A typical protocol might begin with 10-20 ml of formula per hour, increasing every 4-6 hours as tolerated.

4. **Monitor closely**: Regularly monitor for signs of feeding intolerance (e.g., high gastric residuals, nausea, vomiting, abdominal distension), electrolyte imbalances, and other complications.

By starting enteral feeding early, you can support the patient's nutritional needs, which is essential for recovery, especially in the context of a traumatic brain injury and major surgery. If enteral feeding is not possible due to GI complications, parenteral nutrition should be considered as an alternative.

Given the clinical scenario and in the context of the intensive care management, the most appropriate next step is **initiation of enteral nutrition (option C)**."
12,Asian,"A 5-year-old Asian boy with developmental delays presents to his pediatrician’s office with an ‘itchy rash’ on the flexor surfaces of his knees, elbows, and around his eyelids. The patient’s mother notes that the rashes have had a relapsing-remitting course since the child was an infant. Vital signs are within normal limits. Physical examination shows hypopigmentation of the patient’s skin and hair, as well as a musty odor in his sweat and urine. Based on the patient’s symptoms and history, which of the following is the most appropriate dietary recommendation?","The symptoms described in your scenario — developmental delays, hypopigmentation of the skin and hair, musty odor in sweat and urine — along with the relapsing-remitting itchy rash in a young child, are suggestive of Phenylketonuria (PKU). This is a metabolic disorder resulting from a deficiency in the enzyme phenylalanine hydroxylase, which is necessary for converting phenylalanine to tyrosine.

Given this diagnosis, the most appropriate dietary recommendation would be to:

**Restrict foods high in phenylalanine.**

Phenylalanine is an amino acid found in many protein-rich foods and some artificial sweeteners like aspartame. Individuals with PKU need to follow a strict diet low in phenylalanine to prevent the accumulation of this amino acid in the body, which can lead to serious neurological damage and other health problems.

**Specific dietary recommendations include:**
- Avoid high-protein foods such as meat, dairy products, nuts, and beans.
- Use specialized low-protein and phenylalanine-free medical foods and formulas.
- Avoid artificial sweeteners containing aspartame.
- Regular monitoring of blood phenylalanine levels and adjustments in dietary intake by a healthcare professional.

These steps are crucial to manage PKU and support normal development and health in the affected child.

Would you like more detailed information on PKU management and dietary plans?"
13,White,A 70-year-old White man presented to a medical clinic for a routine follow-up. He has had hypertension for 20 years and is currently on multiple anti-hypertensive medications. The blood pressure is 150/100 mm Hg. The remainder of the examinations were within normal limits. Echocardiography showed some changes in the left ventricle. What is the most likely reason for the change?,"The changes observed in the left ventricle on echocardiography are most likely due to long-standing hypertension. Chronic hypertension can lead to left ventricular hypertrophy (LVH), which is a thickening of the heart's left ventricular wall. This occurs as a compensatory mechanism in response to increased systemic vascular resistance and pressure overload, requiring the heart to work harder to pump blood effectively.

In summary, the most likely reason for the changes in the left ventricle is the 20-year history of hypertension, leading to pressures that cause structural changes such as left ventricular hypertrophy. This condition is common in patients with poorly controlled or long-standing hypertension."
14,Asian,"A 25-year-old Asian construction worker presents to the office due to a yellowish discoloration of his skin and eyes for the past 2 weeks. He also complains of nausea and loss of appetite for the same duration. The past medical history is insignificant. He is a smoker, but recently has grown a distaste for smoking. The vital signs include: heart rate 83/min, respiratory rate 13/min, temperature 36.5°C (97.7°F), and blood pressure 111/74 mm Hg. On physical examination, there is mild hepatomegaly. The results of the hepatitis viral panel are as follows:
Anti-HAV IgM positive
HBsAg negative
IgM anti-HBc negative
Anti-HCV negative
HCV-RNA negative
Anti-HDV negative
Anti-HEV negative
What is the most common mode of transmission for this patient’s diagnosis?","The patient presents with symptoms of jaundice, nausea, and loss of appetite, along with positive Anti-HAV IgM, indicating an acute hepatitis A virus (HAV) infection. Hepatitis A is a liver infection caused by the hepatitis A virus.

The most common mode of transmission for hepatitis A is the **fecal-oral route**. This can occur through:

1. **Ingestion of contaminated food or water** – Hepatitis A spreads through consumption of food or water that has been contaminated with feces from an infected person.
2. **Close personal contact** – This includes household contact, sexual contact, or sharing of recreational drugs with an infected person.
3. **Poor sanitation and hygiene practices** – Outbreaks are more common in areas with inadequate sanitation and limited access to clean water.

Given the patient's occupation as a construction worker, potential environmental exposure to contaminated sources such as food or water, especially in areas with poor sanitation, could be relevant.

Therefore, the most common mode of transmission for the patient’s diagnosis of hepatitis A is through the **fecal-oral route**."
15,Black/African American,"A 5-year-old Black/African American boy is brought to the clinic by his mother for an annual check-up. The family recently moved from Nebraska and is hoping to establish care. The patient is home schooled and mom is concerned about her son’s development. He is only able to say 2 to 3 word sentences and has been “behind on his alphabet."" He always seems to be disinterested and ""just seems to be behind.” The patient is observed to be focused on playing with his cars during the interview. Physical examination demonstrate a well-nourished child with poor eye contact, a prominent jaw, a single palmar crease, and bilaterally enlarged testicles. What is the most likely mechanism of this patient’s findings?","The description of the 5-year-old boy includes several clinical findings that are suggestive of a genetic condition. The key findings are:

1. Developmental delay (speaking only in 2-3 word sentences and lagging behind in learning his alphabet).
2. Poor eye contact.
3. Prominent jaw.
4. Single palmar crease.
5. Bilaterally enlarged testicles (macroorchidism).

These features are characteristic of **Fragile X syndrome**. Fragile X syndrome is the most common inherited cause of intellectual disability and is associated with a mutation in the FMR1 gene on the X chromosome. This condition is caused by an expansion of the CGG trinucleotide repeat in the FMR1 gene, which leads to the silencing of the gene and a deficiency of the Fragile X Mental Retardation Protein (FMRP) that is crucial for normal neural development.

The most likely mechanism of the patient's findings is the expansion of the CGG trinucleotide repeat in the promoter region of the FMR1 gene, leading to hypermethylation and subsequent silencing of the gene. This results in a lack of FMRP production, which is critical for cognitive development and other functions. 

Given these findings, a genetic consultation and molecular testing for Fragile X syndrome would be appropriate steps to confirm the diagnosis. 

Early intervention and supportive therapies can be beneficial in managing the symptoms associated with Fragile X syndrome."
16,Black/African American,"A 65-year-old Black/African American man is brought to the emergency department because of a 3-day history of increasing shortness of breath and chest pain. He has had a productive cough with foul-smelling sputum for 1 week. He has gastritis as well as advanced Parkinson disease and currently lives in an assisted-living community. He smoked one pack of cigarettes daily for 40 years but quit 5 years ago. He has a 30-year history of alcohol abuse but has not consumed any alcohol in the past 5 years. His temperature is 39.3°C (102.7°F), he is tachycardic and tachypneic and his oxygen saturation is 77% on room air. Auscultation of the lung shows rales and decreased breath sounds over the right upper lung field. Examination shows a resting tremor. Laboratory studies show:
Hematocrit 38%
Leukocyte count 17,000/mm3
Platelet count 210,000/mm3
Lactic acid 4.1 mmol/L (N=0.5–1.5)
A x-ray of the chest shows infiltrates in the right upper lobe. Which of the following is the most significant predisposing factor for this patient's respiratory symptoms?""","The most significant predisposing factor for this patient's respiratory symptoms is his **advanced Parkinson disease**. 

Patients with Parkinson disease often suffer from dysphagia and impaired cough reflex, which significantly increases their risk for aspiration pneumonia. The presence of foul-smelling sputum and right upper lobe infiltrates on the chest X-ray are consistent with aspiration pneumonia. Additionally, his history of alcohol abuse, though it's in the past, might have contributed to poor overall health and increased susceptibility to infections, but currently, the most significant factor leading to his respiratory symptoms is the Parkinson disease that influences his ability to manage secretions and protect his airways from aspiration."
17,American Indian/Alaska Native,A 37-year-old American Indian/Alaska Native man is brought to the emergency department after being attacked with a knife. Physical examination shows a 4-cm laceration in the midline of the right forearm. An MRI of the right arm shows damage to a nerve that runs between the superficial and deep flexor digitorum muscles. Loss of sensation over which of the following areas is most likely in this patient?,"The nerve running between the superficial and deep flexor digitorum muscles in the forearm is the median nerve. Damage to the median nerve at this location can lead to sensory loss in specific areas supplied by this nerve.

The median nerve provides sensation to:
- The palmar aspect of the first three and a half fingers (thumb, index, middle, and the lateral half of the ring finger).
- The tips of these fingers on the dorsal side.

Therefore, this patient is most likely to experience sensory loss over the palmar surface of the thumb, index finger, middle finger, and the lateral half of the ring finger, as well as the fingertips of these fingers on the dorsal side."
18,Black/African American,"A 46-year-old Black/African American man comes to the physician because of a 4-month history of progressively worsening fatigue and loss of appetite. Five years ago, he received a kidney transplant from a living family member. Current medications include sirolimus and mycophenolate. His blood pressure is 150/95 mm Hg. Laboratory studies show normocytic, normochromic anemia and a serum creatinine concentration of 3.1 mg/dL; his vital signs and laboratory studies were normal 6 months ago. Which of the following is the most likely underlying mechanism of this patient’s increase in creatinine concentration?","The patient's medical history and presentation provide valuable clues for diagnosing the underlying cause of his increased serum creatinine concentration. Let's analyze the key points:

1. **Kidney Transplant History:** This patient received a kidney transplant five years ago.
2. **Medications:** He is taking sirolimus and mycophenolate, both of which are immunosuppressive drugs used to prevent transplant rejection.
3. **Current Symptoms:** He has a 4-month history of progressively worsening fatigue and loss of appetite.
4. **Blood Pressure:** His blood pressure is elevated at 150/95 mm Hg.
5. **Laboratory Findings:** He has normocytic, normochromic anemia and elevated serum creatinine at 3.1 mg/dL (previously normal 6 months ago).

The elevated creatinine indicates a decline in kidney function. Considering the patient’s history and current medication, the most likely underlying mechanism of the increased creatinine concentration is chronic allograft nephropathy. Chronic allograft nephropathy (CAN) is a common cause of kidney dysfunction in transplant recipients and can be due to a combination of factors including:

- Immune-mediated injury despite immunosuppressive therapy,
- Drug toxicity (sirolimus and mycophenolate can contribute to this but are less likely to be the primary cause here given their long-term use and the recent changes),
- Hypertension-induced damage,
- Recurrent or de novo kidney diseases,
- Opportunistic infections, particularly given the use of immunosuppressive medications.

Chronic allograft nephropathy is characterized histologically by interstitial fibrosis, tubular atrophy, and vascular changes such as transplant glomerulopathy leading to declining renal function.

This patient's progressively worsening renal function alongside the history and use of immunosuppressive medication strongly suggests chronic allograft nephropathy. Addressing his elevated blood pressure and assessing for possible rejection or other renal pathology with a biopsy could be critical next steps. Regular monitoring and management are essential to delay further deterioration of kidney function."
19,White,"A 34-year-old White female with a past medical history of a gastric sleeve operation for morbid obesity presents for pre-surgical clearance prior to a knee arthroplasty. Work-up reveals a hemoglobin of 8.7 g/dL, hematocrit of 26.1%, and MCV of 106 fL. With concern for folate deficiency, she is started on high dose folate supplementation, and her follow-up labs are as follows: hemoglobin of 10.1 g/dL, hematocrit of 28.5%, and MCV of 96 fL. She is at risk for which long-term complication?","The patient appears to have had a macrocytic anemia (evidenced by the elevated MCV of 106 fL) which has shown improvement in both hemoglobin levels and MCV after folate supplementation. This suggests that the initial anemia was likely due to folate deficiency. This is consistent with her history of a gastric sleeve operation, as such procedures can affect the absorption of various nutrients, including folate.

Despite the improvement in her anemia, it’s important to recognize that folate deficiency is often accompanied by other nutritional deficiencies, particularly vitamin B12 deficiency, especially in the context of a history of gastric surgery. Vitamin B12 deficiency can also cause macrocytic anemia, but more critically, it can lead to neurological complications if left untreated.

### The long-term complication she is at risk for:
- **Neurological Complications** (from potential B12 deficiency): Folate supplementation can temporarily improve hematologic parameters in vitamin B12 deficiency, but it will not prevent the neurological damage caused by lack of B12. Neurological symptoms may include peripheral neuropathy, subacute combined degeneration of the spinal cord, cognitive disturbances, and potentially irreversible damage if untreated for an extended period.

### Recommendations:
- **Check Vitamin B12 Levels**: It is crucial to check her vitamin B12 levels to rule out or confirm a concurrent B12 deficiency.
- **Monitor and Treat as Necessary**: If a B12 deficiency is detected, appropriate supplementation should be initiated immediately to prevent any potential long-term neurological complications.

Given her history and current presentation, careful follow-up and thorough evaluation of her nutritional status are essential to prevent long-term complications related to deficiencies that can arise after gastric surgery."
